,ParticipantID,TrialNum,TruePercent,ReportedPercent,AbsError,Log2Error,ChartType
0,6h452i,1,41,43,2,1.087462841250339,Normal
1,6h452i,2,45,45,0,0.0,Normal
2,6h452i,3,62,57,5,2.357552004618084,Normal
3,6h452i,4,52,31,21,4.400879436282184,Normal
4,6h452i,5,48,50,2,1.087462841250339,Normal
5,6h452i,6,40,26,14,3.820178962415188,Normal
6,6h452i,7,70,83,13,3.7142455176661215,Normal
7,6h452i,8,28,15,13,3.7142455176661215,Normal
8,6h452i,9,48,36,12,3.599912842187128,Normal
9,6h452i,10,75,87,12,3.599912842187128,Normal
10,6h452i,11,79,84,5,2.357552004618084,Normal
11,6h452i,12,16,23,7,2.8328900141647417,Normal
12,6h452i,13,10,23,13,3.7142455176661215,Normal
13,6h452i,14,36,28,8,3.0223678130284544,Normal
14,6h452i,15,95,90,5,2.357552004618084,Normal
15,6h452i,16,91,88,3,1.6438561897747248,Normal
16,6h452i,17,47,43,4,2.0443941193584534,Normal
17,6h452i,18,79,94,15,3.918863237274594,Normal
18,6h452i,19,61,63,2,1.087462841250339,Normal
19,6h452i,20,87,77,10,3.3398500028846247,Normal
20,6h452i,21,71,60,11,3.4757334309663976,Diverging
21,6h452i,22,17,21,4,2.0443941193584534,Diverging
22,6h452i,23,21,19,2,1.087462841250339,Diverging
23,6h452i,24,90,83,7,2.8328900141647417,Diverging
24,6h452i,25,72,83,11,3.4757334309663976,Diverging
25,6h452i,26,21,38,17,4.098032082960526,Diverging
26,6h452i,27,39,50,11,3.4757334309663976,Diverging
27,6h452i,28,90,85,5,2.357552004618084,Diverging
28,6h452i,29,78,88,10,3.3398500028846247,Diverging
29,6h452i,30,26,17,9,3.189824558880017,Diverging
30,6h452i,31,69,89,20,4.330916878114617,Diverging
31,6h452i,32,90,90,0,0.0,Diverging
32,6h452i,33,97,100,3,1.6438561897747248,Diverging
33,6h452i,34,97,88,9,3.189824558880017,Diverging
34,6h452i,35,10,27,17,4.098032082960526,Diverging
35,6h452i,36,42,28,14,3.820178962415188,Diverging
36,6h452i,37,99,100,1,0.1699250014423123,Diverging
37,6h452i,38,26,18,8,3.0223678130284544,Diverging
38,6h452i,39,90,100,10,3.3398500028846247,Diverging
39,6h452i,40,15,15,0,0.0,Diverging
40,6h452i,41,74,88,14,3.820178962415188,Stacked
41,6h452i,42,47,50,3,1.6438561897747248,Stacked
42,6h452i,43,88,82,6,2.6147098441152083,Stacked
43,6h452i,44,64,39,25,4.651051691178929,Stacked
44,6h452i,45,79,89,10,3.3398500028846247,Stacked
45,6h452i,46,50,24,26,4.7073591320808825,Stacked
46,6h452i,47,50,91,41,5.361943773735241,Stacked
47,6h452i,48,60,50,10,3.3398500028846247,Stacked
48,6h452i,49,46,50,4,2.0443941193584534,Stacked
49,6h452i,50,46,19,27,4.76155123244448,Stacked
50,6h452i,51,89,78,11,3.4757334309663976,Stacked
51,6h452i,52,84,87,3,1.6438561897747248,Stacked
52,6h452i,53,86,76,10,3.3398500028846247,Stacked
53,6h452i,54,73,50,23,4.531381460516312,Stacked
54,6h452i,55,36,19,17,4.098032082960526,Stacked
55,6h452i,56,36,10,26,4.7073591320808825,Stacked
56,6h452i,57,36,24,12,3.599912842187128,Stacked
57,6h452i,58,35,22,13,3.7142455176661215,Stacked
58,6h452i,59,12,15,3,1.6438561897747248,Stacked
59,6h452i,60,85,74,11,3.4757334309663976,Stacked
60,6h452i,61,79,79,0,0.0,Stacked
61,6h452i,62,57,50,7,2.8328900141647417,Stacked
62,6h452i,63,79,83,4,2.0443941193584534,Stacked
63,6h452i,64,76,69,7,2.8328900141647417,Stacked
64,8u83fh,1,77,76,1,0.1699250014423123,Normal
65,8u83fh,2,9,12,3,1.6438561897747248,Normal
66,8u83fh,3,33,35,2,1.087462841250339,Normal
67,8u83fh,4,86,95,9,3.189824558880017,Normal
68,8u83fh,5,22,27,5,2.357552004618084,Normal
69,8u83fh,6,29,22,7,2.8328900141647417,Normal
70,8u83fh,7,66,67,1,0.1699250014423123,Normal
71,8u83fh,8,82,74,8,3.0223678130284544,Normal
72,8u83fh,9,74,88,14,3.820178962415188,Normal
73,8u83fh,10,21,16,5,2.357552004618084,Normal
74,8u83fh,11,43,39,4,2.0443941193584534,Normal
75,8u83fh,12,75,77,2,1.087462841250339,Normal
76,8u83fh,13,13,6,7,2.8328900141647417,Normal
77,8u83fh,14,23,16,7,2.8328900141647417,Normal
78,8u83fh,15,46,39,7,2.8328900141647417,Normal
79,8u83fh,16,58,61,3,1.6438561897747248,Normal
80,8u83fh,17,84,85,1,0.1699250014423123,Normal
81,8u83fh,18,12,5,7,2.8328900141647417,Normal
82,8u83fh,19,85,80,5,2.357552004618084,Normal
83,8u83fh,20,26,30,4,2.0443941193584534,Normal
84,8u83fh,21,8,4,4,2.0443941193584534,Diverging
85,8u83fh,22,52,41,11,3.4757334309663976,Diverging
86,8u83fh,23,49,45,4,2.0443941193584534,Diverging
87,8u83fh,24,83,86,3,1.6438561897747248,Diverging
88,8u83fh,25,39,31,8,3.0223678130284544,Diverging
89,8u83fh,26,45,40,5,2.357552004618084,Diverging
90,8u83fh,27,64,66,2,1.087462841250339,Diverging
91,8u83fh,28,52,54,2,1.087462841250339,Diverging
92,8u83fh,29,22,20,2,1.087462841250339,Diverging
93,8u83fh,30,47,47,0,0.0,Diverging
94,8u83fh,31,27,27,0,0.0,Diverging
95,8u83fh,32,68,67,1,0.1699250014423123,Diverging
96,8u83fh,33,54,61,7,2.8328900141647417,Diverging
97,8u83fh,34,60,39,21,4.400879436282184,Diverging
98,8u83fh,35,65,72,7,2.8328900141647417,Diverging
99,8u83fh,36,35,35,0,0.0,Diverging
100,8u83fh,37,49,59,10,3.3398500028846247,Diverging
101,8u83fh,38,71,79,8,3.0223678130284544,Diverging
102,8u83fh,39,96,95,1,0.1699250014423123,Diverging
103,8u83fh,40,59,80,21,4.400879436282184,Diverging
104,8u83fh,41,84,90,6,2.6147098441152083,Stacked
105,8u83fh,42,33,37,4,2.0443941193584534,Stacked
106,8u83fh,43,75,74,1,0.1699250014423123,Stacked
107,8u83fh,44,70,81,11,3.4757334309663976,Stacked
108,8u83fh,45,91,90,1,0.1699250014423123,Stacked
109,8u83fh,46,15,15,0,0.0,Stacked
110,8u83fh,47,7,6,1,0.1699250014423123,Stacked
111,8u83fh,48,99,92,7,2.8328900141647417,Stacked
112,8u83fh,49,60,73,13,3.7142455176661215,Stacked
113,8u83fh,50,19,20,1,0.1699250014423123,Stacked
114,8u83fh,51,24,24,0,0.0,Stacked
115,8u83fh,52,55,61,6,2.6147098441152083,Stacked
116,8u83fh,53,48,46,2,1.087462841250339,Stacked
117,8u83fh,54,41,54,13,3.7142455176661215,Stacked
118,8u83fh,55,90,91,1,0.1699250014423123,Stacked
119,8u83fh,56,28,31,3,1.6438561897747248,Stacked
120,8u83fh,57,77,72,5,2.357552004618084,Stacked
121,8u83fh,58,61,66,5,2.357552004618084,Stacked
122,8u83fh,59,84,85,1,0.1699250014423123,Stacked
123,8u83fh,60,93,94,1,0.1699250014423123,Stacked
124,8u83fh,61,97,98,1,0.1699250014423123,Stacked
125,9fxeks,1,21,19,2,1.087462841250339,Normal
126,9fxeks,2,67,77,10,3.3398500028846247,Normal
127,9fxeks,3,32,29,3,1.6438561897747248,Normal
128,9fxeks,4,58,47,11,3.4757334309663976,Normal
129,9fxeks,5,24,34,10,3.3398500028846247,Normal
130,9fxeks,6,38,29,9,3.189824558880017,Normal
131,9fxeks,7,75,89,14,3.820178962415188,Normal
132,9fxeks,8,61,88,27,4.76155123244448,Normal
133,9fxeks,9,42,43,1,0.1699250014423123,Normal
134,9fxeks,10,30,15,15,3.918863237274594,Normal
135,9fxeks,11,67,78,11,3.4757334309663976,Normal
136,9fxeks,12,53,29,24,4.592457037268081,Normal
137,9fxeks,13,19,25,6,2.6147098441152083,Normal
138,9fxeks,14,61,74,13,3.7142455176661215,Normal
139,9fxeks,15,27,41,14,3.820178962415188,Normal
140,9fxeks,16,18,20,2,1.087462841250339,Normal
141,9fxeks,17,94,84,10,3.3398500028846247,Normal
142,9fxeks,18,72,72,0,0.0,Normal
143,9fxeks,19,46,40,6,2.6147098441152083,Normal
144,9fxeks,20,83,78,5,2.357552004618084,Normal
145,9fxeks,21,88,79,9,3.189824558880017,Diverging
146,9fxeks,22,64,72,8,3.0223678130284544,Diverging
147,9fxeks,23,88,75,13,3.7142455176661215,Diverging
148,9fxeks,24,33,41,8,3.0223678130284544,Diverging
149,9fxeks,25,72,66,6,2.6147098441152083,Diverging
150,9fxeks,26,76,84,8,3.0223678130284544,Diverging
151,9fxeks,27,35,21,14,3.820178962415188,Diverging
152,9fxeks,28,42,39,3,1.6438561897747248,Diverging
153,9fxeks,29,36,58,22,4.467605550082998,Diverging
154,9fxeks,30,100,90,10,3.3398500028846247,Diverging
155,9fxeks,31,13,24,11,3.4757334309663976,Diverging
156,9fxeks,32,13,11,2,1.087462841250339,Diverging
157,9fxeks,33,46,80,34,5.092757140919852,Diverging
158,9fxeks,34,55,77,22,4.467605550082998,Diverging
159,9fxeks,35,87,95,8,3.0223678130284544,Diverging
160,9fxeks,36,83,88,5,2.357552004618084,Diverging
161,9fxeks,37,14,33,19,4.257387842692652,Diverging
162,9fxeks,38,33,25,8,3.0223678130284544,Diverging
163,9fxeks,39,33,20,13,3.7142455176661215,Diverging
164,9fxeks,40,80,77,3,1.6438561897747248,Diverging
165,9fxeks,41,54,72,18,4.179909090014935,Stacked
166,9fxeks,42,14,23,9,3.189824558880017,Stacked
167,9fxeks,43,31,35,4,2.0443941193584534,Stacked
168,9fxeks,44,6,11,5,2.357552004618084,Stacked
169,9fxeks,45,47,36,11,3.4757334309663976,Stacked
170,9fxeks,46,70,71,1,0.1699250014423123,Stacked
171,9fxeks,47,49,40,9,3.189824558880017,Stacked
172,9fxeks,48,39,44,5,2.357552004618084,Stacked
173,9fxeks,49,69,80,11,3.4757334309663976,Stacked
174,9fxeks,50,41,34,7,2.8328900141647417,Stacked
175,9fxeks,51,44,43,1,0.1699250014423123,Stacked
176,9fxeks,52,20,27,7,2.8328900141647417,Stacked
177,9fxeks,53,8,31,23,4.531381460516312,Stacked
178,9fxeks,54,8,17,9,3.189824558880017,Stacked
179,9fxeks,55,88,84,4,2.0443941193584534,Stacked
180,9fxeks,56,58,40,18,4.179909090014935,Stacked
181,9fxeks,57,97,82,15,3.918863237274594,Stacked
182,9fxeks,58,86,95,9,3.189824558880017,Stacked
183,9fxeks,59,30,27,3,1.6438561897747248,Stacked
184,9fxeks,60,90,83,7,2.8328900141647417,Stacked
185,9fxeks,61,87,86,1,0.1699250014423123,Stacked
186,9fxeks,62,95,79,16,4.011227255423254,Stacked
187,334n4w,1,80,77,3,1.6438561897747248,Normal
188,334n4w,2,59,37,22,4.467605550082998,Normal
189,334n4w,3,57,50,7,2.8328900141647417,Normal
190,334n4w,4,98,93,5,2.357552004618084,Normal
191,334n4w,5,32,30,2,1.087462841250339,Normal
192,334n4w,6,15,11,4,2.0443941193584534,Normal
193,334n4w,7,9,16,7,2.8328900141647417,Normal
194,334n4w,8,59,74,15,3.918863237274594,Normal
195,334n4w,9,27,15,12,3.599912842187128,Normal
196,334n4w,10,48,66,18,4.179909090014935,Normal
197,334n4w,11,54,42,12,3.599912842187128,Normal
198,334n4w,12,40,44,4,2.0443941193584534,Normal
199,334n4w,13,31,30,1,0.1699250014423123,Normal
200,334n4w,14,87,79,8,3.0223678130284544,Normal
201,334n4w,15,42,30,12,3.599912842187128,Normal
202,334n4w,16,55,27,28,4.813781191217037,Normal
203,334n4w,17,83,75,8,3.0223678130284544,Normal
204,334n4w,18,80,78,2,1.087462841250339,Normal
205,334n4w,19,26,30,4,2.0443941193584534,Normal
206,334n4w,20,75,81,6,2.6147098441152083,Normal
207,334n4w,21,28,50,22,4.467605550082998,Diverging
208,334n4w,22,51,71,20,4.330916878114617,Diverging
209,334n4w,23,21,24,3,1.6438561897747248,Diverging
210,334n4w,24,18,23,5,2.357552004618084,Diverging
211,334n4w,25,71,75,4,2.0443941193584534,Diverging
212,334n4w,26,89,76,13,3.7142455176661215,Diverging
213,334n4w,27,85,93,8,3.0223678130284544,Diverging
214,334n4w,28,48,42,6,2.6147098441152083,Diverging
215,334n4w,29,59,81,22,4.467605550082998,Diverging
216,334n4w,30,18,24,6,2.6147098441152083,Diverging
217,334n4w,31,82,89,7,2.8328900141647417,Diverging
218,334n4w,32,82,83,1,0.1699250014423123,Diverging
219,334n4w,33,54,70,16,4.011227255423254,Diverging
220,334n4w,34,11,3,8,3.0223678130284544,Diverging
221,334n4w,35,8,12,4,2.0443941193584534,Diverging
222,334n4w,36,44,21,23,4.531381460516312,Diverging
223,334n4w,37,88,86,2,1.087462841250339,Diverging
224,334n4w,38,32,25,7,2.8328900141647417,Diverging
225,334n4w,39,75,72,3,1.6438561897747248,Diverging
226,334n4w,40,27,24,3,1.6438561897747248,Diverging
227,334n4w,41,55,56,1,0.1699250014423123,Stacked
228,334n4w,42,53,50,3,1.6438561897747248,Stacked
229,334n4w,43,19,37,18,4.179909090014935,Stacked
230,334n4w,44,26,25,1,0.1699250014423123,Stacked
231,334n4w,45,39,44,5,2.357552004618084,Stacked
232,334n4w,46,88,93,5,2.357552004618084,Stacked
233,334n4w,47,9,11,2,1.087462841250339,Stacked
234,334n4w,48,58,79,21,4.400879436282184,Stacked
235,334n4w,49,93,100,7,2.8328900141647417,Stacked
236,334n4w,50,75,86,11,3.4757334309663976,Stacked
237,334n4w,51,50,45,5,2.357552004618084,Stacked
238,334n4w,52,92,77,15,3.918863237274594,Stacked
239,334n4w,53,13,21,8,3.0223678130284544,Stacked
240,334n4w,54,47,44,3,1.6438561897747248,Stacked
241,334n4w,55,94,89,5,2.357552004618084,Stacked
242,334n4w,56,43,34,9,3.189824558880017,Stacked
243,334n4w,57,26,37,11,3.4757334309663976,Stacked
244,334n4w,58,91,89,2,1.087462841250339,Stacked
245,334n4w,59,85,80,5,2.357552004618084,Stacked
246,334n4w,60,70,63,7,2.8328900141647417,Stacked
247,3478ue,1,59,50,9,3.189824558880017,Normal
248,3478ue,2,71,60,11,3.4757334309663976,Normal
249,3478ue,3,17,9,8,3.0223678130284544,Normal
250,3478ue,4,74,84,10,3.3398500028846247,Normal
251,3478ue,5,42,39,3,1.6438561897747248,Normal
252,3478ue,6,40,18,22,4.467605550082998,Normal
253,3478ue,7,19,27,8,3.0223678130284544,Normal
254,3478ue,8,90,92,2,1.087462841250339,Normal
255,3478ue,9,81,88,7,2.8328900141647417,Normal
256,3478ue,10,41,24,17,4.098032082960526,Normal
257,3478ue,11,10,29,19,4.257387842692652,Normal
258,3478ue,12,48,26,22,4.467605550082998,Normal
259,3478ue,13,47,50,3,1.6438561897747248,Normal
260,3478ue,14,58,50,8,3.0223678130284544,Normal
261,3478ue,15,76,91,15,3.918863237274594,Normal
262,3478ue,16,80,64,16,4.011227255423254,Normal
263,3478ue,17,29,32,3,1.6438561897747248,Normal
264,3478ue,18,73,70,3,1.6438561897747248,Normal
265,3478ue,19,94,97,3,1.6438561897747248,Normal
266,3478ue,20,59,44,15,3.918863237274594,Normal
267,3478ue,21,31,10,21,4.400879436282184,Diverging
268,3478ue,22,36,23,13,3.7142455176661215,Diverging
269,3478ue,23,92,93,1,0.1699250014423123,Diverging
270,3478ue,24,17,20,3,1.6438561897747248,Diverging
271,3478ue,25,27,21,6,2.6147098441152083,Diverging
272,3478ue,26,74,89,15,3.918863237274594,Diverging
273,3478ue,27,52,50,2,1.087462841250339,Diverging
274,3478ue,28,65,54,11,3.4757334309663976,Diverging
275,3478ue,29,92,86,6,2.6147098441152083,Diverging
276,3478ue,30,91,92,1,0.1699250014423123,Diverging
277,3478ue,31,85,100,15,3.918863237274594,Diverging
278,3478ue,32,15,11,4,2.0443941193584534,Diverging
279,3478ue,33,94,85,9,3.189824558880017,Diverging
280,3478ue,34,33,30,3,1.6438561897747248,Diverging
281,3478ue,35,14,18,4,2.0443941193584534,Diverging
282,3478ue,36,45,21,24,4.592457037268081,Diverging
283,3478ue,37,44,42,2,1.087462841250339,Diverging
284,3478ue,38,12,13,1,0.1699250014423123,Diverging
285,3478ue,39,75,91,16,4.011227255423254,Diverging
286,3478ue,40,39,42,3,1.6438561897747248,Diverging
287,3478ue,41,22,9,13,3.7142455176661215,Stacked
288,3478ue,42,32,63,31,4.960001932068081,Stacked
289,3478ue,43,76,69,7,2.8328900141647417,Stacked
290,3478ue,44,73,90,17,4.098032082960526,Stacked
291,3478ue,45,8,12,4,2.0443941193584534,Stacked
292,3478ue,46,96,84,12,3.599912842187128,Stacked
293,3478ue,47,90,89,1,0.1699250014423123,Stacked
294,3478ue,48,9,13,4,2.0443941193584534,Stacked
295,3478ue,49,92,77,15,3.918863237274594,Stacked
296,3478ue,50,21,13,8,3.0223678130284544,Stacked
297,3478ue,51,71,20,51,5.675957032941749,Stacked
298,3478ue,52,64,79,15,3.918863237274594,Stacked
299,3478ue,53,80,84,4,2.0443941193584534,Stacked
300,3478ue,54,83,94,11,3.4757334309663976,Stacked
301,3478ue,55,47,40,7,2.8328900141647417,Stacked
302,3478ue,56,41,50,9,3.189824558880017,Stacked
303,3478ue,57,52,40,12,3.599912842187128,Stacked
304,3478ue,58,34,35,1,0.1699250014423123,Stacked
305,3478ue,59,64,79,15,3.918863237274594,Stacked
306,3478ue,60,83,91,8,3.0223678130284544,Stacked
307,b6yixy,1,53,50,3,1.6438561897747248,Normal
308,b6yixy,2,16,20,4,2.0443941193584534,Normal
309,b6yixy,3,35,50,15,3.918863237274594,Normal
310,b6yixy,4,33,30,3,1.6438561897747248,Normal
311,b6yixy,5,93,90,3,1.6438561897747248,Normal
312,b6yixy,6,17,21,4,2.0443941193584534,Normal
313,b6yixy,7,30,30,0,0.0,Normal
314,b6yixy,8,50,50,0,0.0,Normal
315,b6yixy,9,36,35,1,0.1699250014423123,Normal
316,b6yixy,10,27,26,1,0.1699250014423123,Normal
317,b6yixy,11,53,62,9,3.189824558880017,Normal
318,b6yixy,12,70,74,4,2.0443941193584534,Normal
319,b6yixy,13,100,85,15,3.918863237274594,Normal
320,b6yixy,14,77,86,9,3.189824558880017,Normal
321,b6yixy,15,86,92,6,2.6147098441152083,Normal
322,b6yixy,16,41,50,9,3.189824558880017,Normal
323,b6yixy,17,21,14,7,2.8328900141647417,Normal
324,b6yixy,18,31,32,1,0.1699250014423123,Normal
325,b6yixy,19,24,22,2,1.087462841250339,Normal
326,b6yixy,20,50,50,0,0.0,Normal
327,b6yixy,21,52,50,2,1.087462841250339,Diverging
328,b6yixy,22,84,76,8,3.0223678130284544,Diverging
329,b6yixy,23,65,63,2,1.087462841250339,Diverging
330,b6yixy,24,70,80,10,3.3398500028846247,Diverging
331,b6yixy,25,78,84,6,2.6147098441152083,Diverging
332,b6yixy,26,8,10,2,1.087462841250339,Diverging
333,b6yixy,27,37,26,11,3.4757334309663976,Diverging
334,b6yixy,28,82,89,7,2.8328900141647417,Diverging
335,b6yixy,29,47,50,3,1.6438561897747248,Diverging
336,b6yixy,30,97,100,3,1.6438561897747248,Diverging
337,b6yixy,31,51,50,1,0.1699250014423123,Diverging
338,b6yixy,32,12,12,0,0.0,Diverging
339,b6yixy,33,75,83,8,3.0223678130284544,Diverging
340,b6yixy,34,81,86,5,2.357552004618084,Diverging
341,b6yixy,35,69,75,6,2.6147098441152083,Diverging
342,b6yixy,36,26,30,4,2.0443941193584534,Diverging
343,b6yixy,37,53,59,6,2.6147098441152083,Diverging
344,b6yixy,38,11,10,1,0.1699250014423123,Diverging
345,b6yixy,39,27,41,14,3.820178962415188,Diverging
346,b6yixy,40,54,50,4,2.0443941193584534,Diverging
347,b6yixy,41,15,20,5,2.357552004618084,Stacked
348,b6yixy,42,13,10,3,1.6438561897747248,Stacked
349,b6yixy,43,90,90,0,0.0,Stacked
350,b6yixy,44,28,25,3,1.6438561897747248,Stacked
351,b6yixy,45,73,74,1,0.1699250014423123,Stacked
352,b6yixy,46,49,50,1,0.1699250014423123,Stacked
353,b6yixy,47,30,36,6,2.6147098441152083,Stacked
354,b6yixy,48,22,21,1,0.1699250014423123,Stacked
355,b6yixy,49,43,42,1,0.1699250014423123,Stacked
356,b6yixy,50,52,50,2,1.087462841250339,Stacked
357,b6yixy,51,53,60,7,2.8328900141647417,Stacked
358,b6yixy,52,15,20,5,2.357552004618084,Stacked
359,b6yixy,53,13,20,7,2.8328900141647417,Stacked
360,b6yixy,54,27,29,2,1.087462841250339,Stacked
361,b6yixy,55,22,23,1,0.1699250014423123,Stacked
362,b6yixy,56,16,15,1,0.1699250014423123,Stacked
363,b6yixy,57,50,50,0,0.0,Stacked
364,b6yixy,58,38,42,4,2.0443941193584534,Stacked
365,b6yixy,59,12,18,6,2.6147098441152083,Stacked
366,b6yixy,60,45,43,2,1.087462841250339,Stacked
367,bha4wa,1,21,18,3,1.6438561897747248,Normal
368,bha4wa,2,76,76,0,0.0,Normal
369,bha4wa,3,45,20,25,4.651051691178929,Normal
370,bha4wa,4,97,92,5,2.357552004618084,Normal
371,bha4wa,5,34,26,8,3.0223678130284544,Normal
372,bha4wa,6,7,4,3,1.6438561897747248,Normal
373,bha4wa,7,42,50,8,3.0223678130284544,Normal
374,bha4wa,8,89,71,18,4.179909090014935,Normal
375,bha4wa,9,82,76,6,2.6147098441152083,Normal
376,bha4wa,10,44,34,10,3.3398500028846247,Normal
377,bha4wa,11,60,29,31,4.960001932068081,Normal
378,bha4wa,12,84,38,46,5.527477006060396,Normal
379,bha4wa,13,63,60,3,1.6438561897747248,Normal
380,bha4wa,14,23,34,11,3.4757334309663976,Normal
381,bha4wa,15,55,58,3,1.6438561897747248,Normal
382,bha4wa,16,21,19,2,1.087462841250339,Normal
383,bha4wa,17,61,41,20,4.330916878114617,Normal
384,bha4wa,18,99,79,20,4.330916878114617,Normal
385,bha4wa,19,50,31,19,4.257387842692652,Normal
386,bha4wa,20,62,27,35,5.134426320220926,Normal
387,bha4wa,21,68,81,13,3.7142455176661215,Diverging
388,bha4wa,22,96,71,25,4.651051691178929,Diverging
389,bha4wa,23,68,30,38,5.252665432450248,Diverging
390,bha4wa,24,64,67,3,1.6438561897747248,Diverging
391,bha4wa,25,98,83,15,3.918863237274594,Diverging
392,bha4wa,26,100,100,0,0.0,Diverging
393,bha4wa,27,24,18,6,2.6147098441152083,Diverging
394,bha4wa,28,18,20,2,1.087462841250339,Diverging
395,bha4wa,29,63,21,42,5.396604781181859,Diverging
396,bha4wa,30,73,50,23,4.531381460516312,Diverging
397,bha4wa,31,99,100,1,0.1699250014423123,Diverging
398,bha4wa,32,76,65,11,3.4757334309663976,Diverging
399,bha4wa,33,26,29,3,1.6438561897747248,Diverging
400,bha4wa,34,49,54,5,2.357552004618084,Diverging
401,bha4wa,35,19,19,0,0.0,Diverging
402,bha4wa,36,36,31,5,2.357552004618084,Diverging
403,bha4wa,37,36,60,24,4.592457037268081,Diverging
404,bha4wa,38,86,79,7,2.8328900141647417,Diverging
405,bha4wa,39,38,41,3,1.6438561897747248,Diverging
406,bha4wa,40,50,50,0,0.0,Diverging
407,bha4wa,41,93,96,3,1.6438561897747248,Stacked
408,bha4wa,42,31,33,2,1.087462841250339,Stacked
409,bha4wa,43,67,70,3,1.6438561897747248,Stacked
410,bha4wa,44,76,88,12,3.599912842187128,Stacked
411,bha4wa,45,62,73,11,3.4757334309663976,Stacked
412,bha4wa,46,96,86,10,3.3398500028846247,Stacked
413,bha4wa,47,91,80,11,3.4757334309663976,Stacked
414,bha4wa,48,67,44,23,4.531381460516312,Stacked
415,bha4wa,49,68,63,5,2.357552004618084,Stacked
416,bha4wa,50,28,45,17,4.098032082960526,Stacked
417,bha4wa,51,36,39,3,1.6438561897747248,Stacked
418,bha4wa,52,46,42,4,2.0443941193584534,Stacked
419,bha4wa,53,90,87,3,1.6438561897747248,Stacked
420,bha4wa,54,25,24,1,0.1699250014423123,Stacked
421,bha4wa,55,16,18,2,1.087462841250339,Stacked
422,bha4wa,56,40,46,6,2.6147098441152083,Stacked
423,bha4wa,57,10,15,5,2.357552004618084,Stacked
424,bha4wa,58,43,50,7,2.8328900141647417,Stacked
425,bha4wa,59,87,88,1,0.1699250014423123,Stacked
426,bha4wa,60,46,38,8,3.0223678130284544,Stacked
427,bha4wa,61,51,43,8,3.0223678130284544,Stacked
428,fkay58,1,8,12,4,2.0443941193584534,Normal
429,fkay58,2,68,70,2,1.087462841250339,Normal
430,fkay58,3,30,40,10,3.3398500028846247,Normal
431,fkay58,4,12,15,3,1.6438561897747248,Normal
432,fkay58,5,77,83,6,2.6147098441152083,Normal
433,fkay58,6,30,33,3,1.6438561897747248,Normal
434,fkay58,7,78,80,2,1.087462841250339,Normal
435,fkay58,8,70,75,5,2.357552004618084,Normal
436,fkay58,9,39,45,6,2.6147098441152083,Normal
437,fkay58,10,83,83,0,0.0,Normal
438,fkay58,11,14,15,1,0.1699250014423123,Normal
439,fkay58,12,72,83,11,3.4757334309663976,Normal
440,fkay58,13,15,19,4,2.0443941193584534,Normal
441,fkay58,14,54,50,4,2.0443941193584534,Normal
442,fkay58,15,94,95,1,0.1699250014423123,Normal
443,fkay58,16,80,85,5,2.357552004618084,Normal
444,fkay58,17,71,63,8,3.0223678130284544,Normal
445,fkay58,18,78,77,1,0.1699250014423123,Normal
446,fkay58,19,27,38,11,3.4757334309663976,Normal
447,fkay58,20,39,37,2,1.087462841250339,Normal
448,fkay58,21,22,27,5,2.357552004618084,Diverging
449,fkay58,22,79,71,8,3.0223678130284544,Diverging
450,fkay58,23,18,19,1,0.1699250014423123,Diverging
451,fkay58,24,53,43,10,3.3398500028846247,Diverging
452,fkay58,25,22,23,1,0.1699250014423123,Diverging
453,fkay58,26,83,90,7,2.8328900141647417,Diverging
454,fkay58,27,93,97,4,2.0443941193584534,Diverging
455,fkay58,28,38,40,2,1.087462841250339,Diverging
456,fkay58,29,38,25,13,3.7142455176661215,Diverging
457,fkay58,30,38,33,5,2.357552004618084,Diverging
458,fkay58,31,32,32,0,0.0,Diverging
459,fkay58,32,26,30,4,2.0443941193584534,Diverging
460,fkay58,33,51,80,29,4.864186144654281,Diverging
461,fkay58,34,64,60,4,2.0443941193584534,Diverging
462,fkay58,35,44,50,6,2.6147098441152083,Diverging
463,fkay58,36,30,33,3,1.6438561897747248,Diverging
464,fkay58,37,45,50,5,2.357552004618084,Diverging
465,fkay58,38,80,83,3,1.6438561897747248,Diverging
466,fkay58,39,30,34,4,2.0443941193584534,Diverging
467,fkay58,40,16,18,2,1.087462841250339,Diverging
468,fkay58,41,43,35,8,3.0223678130284544,Stacked
469,fkay58,42,34,32,2,1.087462841250339,Stacked
470,fkay58,43,24,27,3,1.6438561897747248,Stacked
471,fkay58,44,74,85,11,3.4757334309663976,Stacked
472,fkay58,45,28,20,8,3.0223678130284544,Stacked
473,fkay58,46,67,75,8,3.0223678130284544,Stacked
474,fkay58,47,44,60,16,4.011227255423254,Stacked
475,fkay58,48,83,88,5,2.357552004618084,Stacked
476,fkay58,49,23,25,2,1.087462841250339,Stacked
477,fkay58,50,100,100,0,0.0,Stacked
478,fkay58,51,87,90,3,1.6438561897747248,Stacked
479,fkay58,52,44,45,1,0.1699250014423123,Stacked
480,fkay58,53,82,90,8,3.0223678130284544,Stacked
481,fkay58,54,74,80,6,2.6147098441152083,Stacked
482,fkay58,55,48,62,14,3.820178962415188,Stacked
483,fkay58,56,13,15,2,1.087462841250339,Stacked
484,fkay58,57,20,37,17,4.098032082960526,Stacked
485,fkay58,58,74,80,6,2.6147098441152083,Stacked
486,fkay58,59,73,70,3,1.6438561897747248,Stacked
487,fkay58,60,49,62,13,3.7142455176661215,Stacked
488,fkay58,61,64,75,11,3.4757334309663976,Stacked
489,hfz5i8,1,17,29,12,3.599912842187128,Normal
490,hfz5i8,2,22,23,1,0.1699250014423123,Normal
491,hfz5i8,3,82,88,6,2.6147098441152083,Normal
492,hfz5i8,4,17,21,4,2.0443941193584534,Normal
493,hfz5i8,5,40,30,10,3.3398500028846247,Normal
494,hfz5i8,6,83,94,11,3.4757334309663976,Normal
495,hfz5i8,7,65,81,16,4.011227255423254,Normal
496,hfz5i8,8,36,34,2,1.087462841250339,Normal
497,hfz5i8,9,13,22,9,3.189824558880017,Normal
498,hfz5i8,10,33,36,3,1.6438561897747248,Normal
499,hfz5i8,11,85,77,8,3.0223678130284544,Normal
500,hfz5i8,12,75,74,1,0.1699250014423123,Normal
501,hfz5i8,13,57,59,2,1.087462841250339,Normal
502,hfz5i8,14,66,62,4,2.0443941193584534,Normal
503,hfz5i8,15,71,85,14,3.820178962415188,Normal
504,hfz5i8,16,98,90,8,3.0223678130284544,Normal
505,hfz5i8,17,61,59,2,1.087462841250339,Normal
506,hfz5i8,18,99,87,12,3.599912842187128,Normal
507,hfz5i8,19,52,50,2,1.087462841250339,Normal
508,hfz5i8,20,19,9,10,3.3398500028846247,Normal
509,hfz5i8,21,34,18,16,4.011227255423254,Diverging
510,hfz5i8,22,93,77,16,4.011227255423254,Diverging
511,hfz5i8,23,26,25,1,0.1699250014423123,Diverging
512,hfz5i8,24,48,50,2,1.087462841250339,Diverging
513,hfz5i8,25,60,43,17,4.098032082960526,Diverging
514,hfz5i8,26,99,95,4,2.0443941193584534,Diverging
515,hfz5i8,27,15,11,4,2.0443941193584534,Diverging
516,hfz5i8,28,31,30,1,0.1699250014423123,Diverging
517,hfz5i8,29,21,31,10,3.3398500028846247,Diverging
518,hfz5i8,30,53,50,3,1.6438561897747248,Diverging
519,hfz5i8,31,81,93,12,3.599912842187128,Diverging
520,hfz5i8,32,20,32,12,3.599912842187128,Diverging
521,hfz5i8,33,28,23,5,2.357552004618084,Diverging
522,hfz5i8,34,63,80,17,4.098032082960526,Diverging
523,hfz5i8,35,65,89,24,4.592457037268081,Diverging
524,hfz5i8,36,16,16,0,0.0,Diverging
525,hfz5i8,37,11,12,1,0.1699250014423123,Diverging
526,hfz5i8,38,8,14,6,2.6147098441152083,Diverging
527,hfz5i8,39,26,27,1,0.1699250014423123,Diverging
528,hfz5i8,40,14,16,2,1.087462841250339,Diverging
529,hfz5i8,41,77,75,2,1.087462841250339,Stacked
530,hfz5i8,42,68,82,14,3.820178962415188,Stacked
531,hfz5i8,43,69,42,27,4.76155123244448,Stacked
532,hfz5i8,44,92,85,7,2.8328900141647417,Stacked
533,hfz5i8,45,42,35,7,2.8328900141647417,Stacked
534,hfz5i8,46,86,89,3,1.6438561897747248,Stacked
535,hfz5i8,47,73,82,9,3.189824558880017,Stacked
536,hfz5i8,48,27,18,9,3.189824558880017,Stacked
537,hfz5i8,49,70,74,4,2.0443941193584534,Stacked
538,hfz5i8,50,73,83,10,3.3398500028846247,Stacked
539,hfz5i8,51,14,18,4,2.0443941193584534,Stacked
540,hfz5i8,52,26,30,4,2.0443941193584534,Stacked
541,hfz5i8,53,44,56,12,3.599912842187128,Stacked
542,hfz5i8,54,21,18,3,1.6438561897747248,Stacked
543,hfz5i8,55,41,31,10,3.3398500028846247,Stacked
544,hfz5i8,56,44,50,6,2.6147098441152083,Stacked
545,hfz5i8,57,55,50,5,2.357552004618084,Stacked
546,hfz5i8,58,53,41,12,3.599912842187128,Stacked
547,hfz5i8,59,42,34,8,3.0223678130284544,Stacked
548,hfz5i8,60,44,50,6,2.6147098441152083,Stacked
549,pnotmt,1,96,82,14,3.820178962,Normal
550,pnotmt,2,48,43,5,2.357552005,Normal
551,pnotmt,3,86,91,5,2.357552005,Normal
552,pnotmt,4,86,90,4,2.044394119,Normal
553,pnotmt,5,66,39,27,4.761551232,Normal
554,pnotmt,6,59,50,9,3.189824559,Normal
555,pnotmt,7,80,82,2,1.087462841,Normal
556,pnotmt,8,86,82,4,2.044394119,Normal
557,pnotmt,9,12,11,1,0.169925001,Normal
558,pnotmt,10,93,82,11,3.475733431,Normal
559,pnotmt,11,55,50,5,2.357552005,Normal
560,pnotmt,12,58,82,24,4.592457037,Normal
561,pnotmt,13,16,19,3,1.64385619,Normal
562,pnotmt,14,42,36,6,2.614709844,Normal
563,pnotmt,15,15,28,13,3.714245518,Normal
564,pnotmt,16,8,15,7,2.832890014,Normal
565,pnotmt,17,36,37,1,0.169925001,Normal
566,pnotmt,18,94,75,19,4.257387843,Normal
567,pnotmt,19,33,46,13,3.714245518,Normal
568,pnotmt,20,35,24,11,3.475733431,Normal
569,pnotmt,21,50,50,0,0.0,Diverging
570,pnotmt,22,16,24,8,3.022367813,Diverging
571,pnotmt,23,79,45,34,5.092757141,Diverging
572,pnotmt,24,59,86,27,4.761551232,Diverging
573,pnotmt,25,94,90,4,2.044394119,Diverging
574,pnotmt,26,83,88,5,2.357552005,Diverging
575,pnotmt,27,77,92,15,3.918863237,Diverging
576,pnotmt,28,11,15,4,2.044394119,Diverging
577,pnotmt,29,13,13,0,0.0,Diverging
578,pnotmt,30,44,55,11,3.475733431,Diverging
579,pnotmt,31,93,97,4,2.044394119,Diverging
580,pnotmt,32,86,90,4,2.044394119,Diverging
581,pnotmt,33,24,34,10,3.339850003,Diverging
582,pnotmt,34,46,50,4,2.044394119,Diverging
583,pnotmt,35,74,83,9,3.189824559,Diverging
584,pnotmt,36,7,18,11,3.475733431,Diverging
585,pnotmt,37,45,50,5,2.357552005,Diverging
586,pnotmt,38,30,40,10,3.339850003,Diverging
587,pnotmt,39,88,86,2,1.087462841,Diverging
588,pnotmt,40,56,68,12,3.599912842,Diverging
589,pnotmt,41,79,72,7,2.832890014,Stacked
590,pnotmt,42,51,50,1,0.169925001,Stacked
591,pnotmt,43,23,42,19,4.257387843,Stacked
592,pnotmt,44,60,64,4,2.044394119,Stacked
593,pnotmt,45,47,50,3,1.64385619,Stacked
594,pnotmt,46,49,42,7,2.832890014,Stacked
595,pnotmt,47,41,68,27,4.761551232,Stacked
596,pnotmt,48,28,29,1,0.169925001,Stacked
597,pnotmt,49,64,68,4,2.044394119,Stacked
598,pnotmt,50,69,72,3,1.64385619,Stacked
599,pnotmt,51,100,50,50,5.647458426,Stacked
600,pnotmt,52,39,26,13,3.714245518,Stacked
601,pnotmt,53,93,86,7,2.832890014,Stacked
602,pnotmt,54,30,30,0,0.0,Stacked
603,pnotmt,55,76,76,0,0.0,Stacked
604,pnotmt,56,99,100,1,0.169925001,Stacked
605,pnotmt,57,76,92,16,4.011227255,Stacked
606,pnotmt,58,78,94,16,4.011227255,Stacked
607,pnotmt,59,29,37,8,3.022367813,Stacked
608,pnotmt,60,95,96,1,0.169925001,Stacked
609,s7iepj,1,38,29,9,3.189824558880017,Normal
610,s7iepj,2,9,8,1,0.1699250014423123,Normal
611,s7iepj,3,57,45,12,3.599912842187128,Normal
612,s7iepj,4,28,20,8,3.0223678130284544,Normal
613,s7iepj,5,14,10,4,2.0443941193584534,Normal
614,s7iepj,6,35,44,9,3.189824558880017,Normal
615,s7iepj,7,66,48,18,4.179909090014935,Normal
616,s7iepj,8,98,85,13,3.7142455176661215,Normal
617,s7iepj,9,84,50,34,5.092757140919852,Normal
618,s7iepj,10,10,15,5,2.357552004618084,Normal
619,s7iepj,11,15,16,1,0.1699250014423123,Normal
620,s7iepj,12,8,10,2,1.087462841250339,Normal
621,s7iepj,13,44,36,8,3.0223678130284544,Normal
622,s7iepj,14,65,62,3,1.6438561897747248,Normal
623,s7iepj,15,93,96,3,1.6438561897747248,Normal
624,s7iepj,16,58,61,3,1.6438561897747248,Normal
625,s7iepj,17,67,69,2,1.087462841250339,Normal
626,s7iepj,18,79,41,38,5.252665432450248,Normal
627,s7iepj,19,56,38,18,4.179909090014935,Normal
628,s7iepj,20,45,26,19,4.257387842692652,Normal
629,s7iepj,21,65,53,12,3.599912842187128,Diverging
630,s7iepj,22,63,21,42,5.396604781181859,Diverging
631,s7iepj,23,79,82,3,1.6438561897747248,Diverging
632,s7iepj,24,41,22,19,4.257387842692652,Diverging
633,s7iepj,25,61,48,13,3.7142455176661215,Diverging
634,s7iepj,26,70,60,10,3.3398500028846247,Diverging
635,s7iepj,27,95,92,3,1.6438561897747248,Diverging
636,s7iepj,28,64,23,41,5.361943773735241,Diverging
637,s7iepj,29,27,23,4,2.0443941193584534,Diverging
638,s7iepj,30,34,32,2,1.087462841250339,Diverging
639,s7iepj,31,24,19,5,2.357552004618084,Diverging
640,s7iepj,32,41,21,20,4.330916878114617,Diverging
641,s7iepj,33,58,44,14,3.820178962415188,Diverging
642,s7iepj,34,32,22,10,3.3398500028846247,Diverging
643,s7iepj,35,80,73,7,2.8328900141647417,Diverging
644,s7iepj,36,79,71,8,3.0223678130284544,Diverging
645,s7iepj,37,23,7,16,4.011227255423254,Diverging
646,s7iepj,38,13,14,1,0.1699250014423123,Diverging
647,s7iepj,39,78,71,7,2.8328900141647417,Diverging
648,s7iepj,40,97,92,5,2.357552004618084,Diverging
649,s7iepj,41,48,56,8,3.0223678130284544,Stacked
650,s7iepj,42,36,44,8,3.0223678130284544,Stacked
651,s7iepj,43,63,46,17,4.098032082960526,Stacked
652,s7iepj,44,81,68,13,3.7142455176661215,Stacked
653,s7iepj,45,48,48,0,0.0,Stacked
654,s7iepj,46,17,22,5,2.357552004618084,Stacked
655,s7iepj,47,17,13,4,2.0443941193584534,Stacked
656,s7iepj,48,17,19,2,1.087462841250339,Stacked
657,s7iepj,49,99,100,1,0.1699250014423123,Stacked
658,s7iepj,50,47,30,17,4.098032082960526,Stacked
659,s7iepj,51,56,59,3,1.6438561897747248,Stacked
660,s7iepj,52,12,10,2,1.087462841250339,Stacked
661,s7iepj,53,78,80,2,1.087462841250339,Stacked
662,s7iepj,54,31,25,6,2.6147098441152083,Stacked
663,s7iepj,55,74,70,4,2.0443941193584534,Stacked
664,s7iepj,56,88,79,9,3.189824558880017,Stacked
665,s7iepj,57,54,51,3,1.6438561897747248,Stacked
666,s7iepj,58,67,75,8,3.0223678130284544,Stacked
667,s7iepj,59,13,21,8,3.0223678130284544,Stacked
668,s7iepj,60,99,96,3,1.6438561897747248,Stacked
669,s7iepj,61,52,47,5,2.357552004618084,Stacked
670,wcvd5c,1,85,25,60,5.909893083770042,Normal
671,wcvd5c,2,60,33,27,4.76155123244448,Normal
672,wcvd5c,3,88,40,48,5.588714635582264,Normal
673,wcvd5c,4,53,20,33,5.049848549450561,Normal
674,wcvd5c,5,99,35,64,6.002815015607054,Normal
675,wcvd5c,6,36,19,17,4.098032082960526,Normal
676,wcvd5c,7,23,34,11,3.4757334309663976,Normal
677,wcvd5c,8,20,24,4,2.0443941193584534,Normal
678,wcvd5c,9,24,25,1,0.1699250014423123,Normal
679,wcvd5c,10,42,31,11,3.4757334309663976,Normal
680,wcvd5c,11,61,23,38,5.252665432450248,Normal
681,wcvd5c,12,34,39,5,2.357552004618084,Normal
682,wcvd5c,13,15,27,12,3.599912842187128,Normal
683,wcvd5c,14,96,28,68,6.090112419664289,Normal
684,wcvd5c,15,26,24,2,1.087462841250339,Normal
685,wcvd5c,16,6,20,14,3.820178962415188,Normal
686,wcvd5c,17,5,28,23,4.531381460516312,Normal
687,wcvd5c,18,32,30,2,1.087462841250339,Normal
688,wcvd5c,19,83,40,43,5.430452551665532,Normal
689,wcvd5c,20,39,29,10,3.3398500028846247,Normal
690,wcvd5c,21,31,38,7,2.8328900141647417,Diverging
691,wcvd5c,22,17,60,43,5.430452551665532,Diverging
692,wcvd5c,23,39,40,1,0.1699250014423123,Diverging
693,wcvd5c,24,60,22,38,5.252665432450248,Diverging
694,wcvd5c,25,93,27,66,6.047123912114026,Diverging
695,wcvd5c,26,90,27,63,5.980139577639157,Diverging
696,wcvd5c,27,64,33,31,4.960001932068081,Diverging
697,wcvd5c,28,61,33,28,4.813781191217037,Diverging
698,wcvd5c,29,72,50,22,4.467605550082998,Diverging
699,wcvd5c,30,86,36,50,5.647458426454921,Diverging
700,wcvd5c,31,67,63,4,2.0443941193584534,Diverging
701,wcvd5c,32,70,62,8,3.0223678130284544,Diverging
702,wcvd5c,33,32,18,14,3.820178962415188,Diverging
703,wcvd5c,34,79,10,69,6.111135670234707,Diverging
704,wcvd5c,35,16,32,16,4.011227255423254,Diverging
705,wcvd5c,36,23,41,18,4.179909090014935,Diverging
706,wcvd5c,37,100,45,55,5.7846348455575205,Diverging
707,wcvd5c,38,25,11,14,3.820178962415188,Diverging
708,wcvd5c,39,49,20,29,4.864186144654281,Diverging
709,wcvd5c,40,69,25,44,5.463524373271181,Diverging
710,wcvd5c,41,31,33,2,1.087462841250339,Stacked
711,wcvd5c,42,91,71,20,4.330916878114617,Stacked
712,wcvd5c,43,37,50,13,3.7142455176661215,Stacked
713,wcvd5c,44,97,15,82,6.35974956032233,Stacked
714,wcvd5c,45,90,22,68,6.090112419664289,Stacked
715,wcvd5c,46,58,32,26,4.7073591320808825,Stacked
716,wcvd5c,47,69,22,47,5.5584207132686645,Stacked
717,wcvd5c,48,65,30,35,5.134426320220926,Stacked
718,wcvd5c,49,29,39,10,3.3398500028846247,Stacked
719,wcvd5c,50,69,15,54,5.7582232147267245,Stacked
720,wcvd5c,51,64,32,32,5.005624549193878,Stacked
721,wcvd5c,52,93,27,66,6.047123912114026,Stacked
722,wcvd5c,53,81,20,61,5.933690654952234,Stacked
723,wcvd5c,54,14,37,23,4.531381460516312,Stacked
724,wcvd5c,55,83,20,63,5.980139577639157,Stacked
725,wcvd5c,56,73,22,51,5.675957032941749,Stacked
726,wcvd5c,57,52,34,18,4.179909090014935,Stacked
727,wcvd5c,58,96,26,70,6.1318569606087925,Stacked
728,wcvd5c,59,44,23,21,4.400879436282184,Stacked
729,wcvd5c,60,45,31,14,3.820178962415188,Stacked
730,zyesqc,1,41,31,10,3.3398500028846247,Normal
731,zyesqc,2,48,38,10,3.3398500028846247,Normal
732,zyesqc,3,94,81,13,3.7142455176661215,Normal
733,zyesqc,4,42,41,1,0.1699250014423123,Normal
734,zyesqc,5,85,88,3,1.6438561897747248,Normal
735,zyesqc,6,99,85,14,3.820178962415188,Normal
736,zyesqc,7,46,32,14,3.820178962415188,Normal
737,zyesqc,8,36,43,7,2.8328900141647417,Normal
738,zyesqc,9,23,19,4,2.0443941193584534,Normal
739,zyesqc,10,55,50,5,2.357552004618084,Normal
740,zyesqc,11,47,50,3,1.6438561897747248,Normal
741,zyesqc,12,42,45,3,1.6438561897747248,Normal
742,zyesqc,13,28,21,7,2.8328900141647417,Normal
743,zyesqc,14,68,60,8,3.0223678130284544,Normal
744,zyesqc,15,50,60,10,3.3398500028846247,Normal
745,zyesqc,16,11,22,11,3.4757334309663976,Normal
746,zyesqc,17,70,80,10,3.3398500028846247,Normal
747,zyesqc,18,67,78,11,3.4757334309663976,Normal
748,zyesqc,19,71,94,23,4.531381460516312,Normal
749,zyesqc,20,17,20,3,1.6438561897747248,Normal
750,zyesqc,21,74,75,1,0.1699250014423123,Diverging
751,zyesqc,22,17,30,13,3.7142455176661215,Diverging
752,zyesqc,23,20,20,0,0.0,Diverging
753,zyesqc,24,34,24,10,3.3398500028846247,Diverging
754,zyesqc,25,42,54,12,3.599912842187128,Diverging
755,zyesqc,26,53,25,28,4.813781191217037,Diverging
756,zyesqc,27,13,16,3,1.6438561897747248,Diverging
757,zyesqc,28,73,67,6,2.6147098441152083,Diverging
758,zyesqc,29,79,72,7,2.8328900141647417,Diverging
759,zyesqc,30,10,12,2,1.087462841250339,Diverging
760,zyesqc,31,87,75,12,3.599912842187128,Diverging
761,zyesqc,32,37,50,13,3.7142455176661215,Diverging
762,zyesqc,33,28,25,3,1.6438561897747248,Diverging
763,zyesqc,34,55,50,5,2.357552004618084,Diverging
764,zyesqc,35,55,41,14,3.820178962415188,Diverging
765,zyesqc,36,59,68,9,3.189824558880017,Diverging
766,zyesqc,37,17,12,5,2.357552004618084,Diverging
767,zyesqc,38,31,41,10,3.3398500028846247,Diverging
768,zyesqc,39,35,39,4,2.0443941193584534,Diverging
769,zyesqc,40,29,9,20,4.330916878114617,Diverging
770,zyesqc,41,87,70,17,4.098032082960526,Stacked
771,zyesqc,42,65,69,4,2.0443941193584534,Stacked
772,zyesqc,43,26,11,15,3.918863237274594,Stacked
773,zyesqc,44,89,83,6,2.6147098441152083,Stacked
774,zyesqc,45,18,38,20,4.330916878114617,Stacked
775,zyesqc,46,40,33,7,2.8328900141647417,Stacked
776,zyesqc,47,80,90,10,3.3398500028846247,Stacked
777,zyesqc,48,82,83,1,0.1699250014423123,Stacked
778,zyesqc,49,7,3,4,2.0443941193584534,Stacked
779,zyesqc,50,80,83,3,1.6438561897747248,Stacked
780,zyesqc,51,34,18,16,4.011227255423254,Stacked
781,zyesqc,52,99,68,31,4.960001932068081,Stacked
782,zyesqc,53,77,79,2,1.087462841250339,Stacked
783,zyesqc,54,29,38,9,3.189824558880017,Stacked
784,zyesqc,55,53,54,1,0.1699250014423123,Stacked
785,zyesqc,56,31,44,13,3.7142455176661215,Stacked
786,zyesqc,57,75,66,9,3.189824558880017,Stacked
787,zyesqc,58,26,40,14,3.820178962415188,Stacked
788,zyesqc,59,47,50,3,1.6438561897747248,Stacked
789,zyesqc,60,59,58,1,0.1699250014423123,Stacked
